﻿Designator,Quantity,Value,Footprint,Package,MPN,DNP,Mount_Type,Description
C1,1,0.1uF,C_0805_2012Metric_Pad1.18x1.45mm_HandSolder,,,,smt,
C2,1,10uF,CP_EIA-3528-12_Kemet-T_Pad1.50x2.35mm_HandSolder,,,,smt,
D1,1,D_Zener_Small,D_0805_2012Metric_Pad1.15x1.40mm_HandSolder,,,,smt,
J1,1,Screw_Terminal_01x04,"TerminalBlock_Phoenix_MPT-0,5-4-2.54_1x04_P2.54mm_Horizontal",,,,tht,
J4,1,AudioJack4,Jack_3.5mm_KoreanHropartsElec_PJ-320D-4A_Horizontal,,,,smt,"Audio Jack, 4 Poles (TRRS)"
J7,1,Conn_01x04,PinHeader_1x04_P2.54mm_Vertical,,,,tht,
Q1,1,MMBT3904,SOT-23,,,,smt,
Q2,1,BSS84,SOT-23,,,,smt,
"R1, R3, R5, R6",4,10K,R_0805_2012Metric_Pad1.20x1.40mm_HandSolder,,,,smt,
R2,1,2.2k,R_0805_2012Metric_Pad1.20x1.40mm_HandSolder,,,,smt,
R4,1,3.3k,R_0805_2012Metric_Pad1.20x1.40mm_HandSolder,,,,smt,
U1,1,~,Buck-Boost-Converter-Board-3.3V,,,,smt,
U2,1,ESP32_DevKit_V1_DOIT,esp32_devkit_v1_doit,,,,smt,
