﻿pos_x,pos_y,rotation,side,designator,mpn,pack,footprint,value,mount_type
96.0125,-87.425,180.0,top,C1,,,C_0805_2012Metric_Pad1.18x1.45mm_HandSolder,0.1uF,smt
96.05,-90.425,180.0,top,C2,,,CP_EIA-3528-12_Kemet-T_Pad1.50x2.35mm_HandSolder,10uF,smt
114.175,-77.25,90.0,bottom,D1,,,D_0805_2012Metric_Pad1.15x1.40mm_HandSolder,D_Zener_Small,smt
116.17,-49.93,-90.0,top,J1,,,"TerminalBlock_Phoenix_MPT-0,5-4-2.54_1x04_P2.54mm_Horizontal",Screw_Terminal_01x04,tht
115.475,-97.425,180.0,bottom,J4,,,Jack_3.5mm_KoreanHropartsElec_PJ-320D-4A_Horizontal,AudioJack4,smt
117.2,-63.725,-90.0,top,J7,,,PinHeader_1x04_P2.54mm_Vertical,Conn_01x04,tht
108.75,-82.7125,-90.0,bottom,Q1,,,SOT-23,MMBT3904,smt
114.2,-82.7125,-90.0,bottom,Q2,,,SOT-23,BSS84,smt
108.2,-87.25,90.0,bottom,R1,,,R_0805_2012Metric_Pad1.20x1.40mm_HandSolder,10K,smt
107.775,-77.25,-90.0,bottom,R2,,,R_0805_2012Metric_Pad1.20x1.40mm_HandSolder,2.2k,smt
110.6,-77.275,90.0,bottom,R3,,,R_0805_2012Metric_Pad1.20x1.40mm_HandSolder,10K,smt
114.2,-88.225,180.0,bottom,R4,,,R_0805_2012Metric_Pad1.20x1.40mm_HandSolder,3.3k,smt
117.075,-77.25,90.0,bottom,R5,,,R_0805_2012Metric_Pad1.20x1.40mm_HandSolder,10K,smt
108.925,-71.4,180.0,bottom,R6,,,R_0805_2012Metric_Pad1.20x1.40mm_HandSolder,10K,smt
83.65,-95.15,0.0,bottom,U1,,,Buck-Boost-Converter-Board-3.3V,~,smt
90.025,-55.025,0.0,top,U2,,,esp32_devkit_v1_doit,ESP32_DevKit_V1_DOIT,smt
