﻿pos_x,pos_y,rotation,side,designator,mpn,pack,footprint,value,mount_type
85.9,-54.3375,-90.0,bottom,C1,,,C_0805_2012Metric_Pad1.18x1.45mm_HandSolder,10uF,smt
88.725,-55.025,-90.0,bottom,C2,,,CP_EIA-3528-12_Kemet-T_Pad1.50x2.35mm_HandSolder,100uF,smt
85.425,-58.6625,-90.0,bottom,C3,,,C_0805_2012Metric_Pad1.18x1.45mm_HandSolder,1uF,smt
83.55,-54.3625,-90.0,bottom,C4,,,C_0805_2012Metric_Pad1.18x1.45mm_HandSolder,0.1uF,smt
75.225,-56.0125,90.0,bottom,C5,,,C_0805_2012Metric_Pad1.18x1.45mm_HandSolder,0.1uF,smt
94.3,-73.775,90.0,bottom,D1,,,D_0805_2012Metric_Pad1.15x1.40mm_HandSolder,D_Zener_Small,smt
110.675,-48.35,-90.0,top,J1,,,"TerminalBlock_Phoenix_MPT-0,5-4-2.54_1x04_P2.54mm_Horizontal",Screw_Terminal_01x04,tht
113.3,-69.475,-90.0,top,J2,,,PinHeader_1x04_P2.54mm_Vertical,Conn_01x04,tht
113.0375,-62.575,90.0,top,J3,,,USB_Micro-B_Molex-105017-0001,USB_OTG,smt
109.375,-92.275,180.0,bottom,J4,,,Jack_3.5mm_KoreanHropartsElec_PJ-320D-4A_Horizontal,AudioJack4,smt
113.3,-75.3,-90.0,top,J7,,,PinHeader_1x04_P2.54mm_Vertical,Conn_01x04,tht
88.875,-79.2375,-90.0,bottom,Q1,,,SOT-23,MMBT3904,smt
94.325,-79.2375,-90.0,bottom,Q2,,,SOT-23,BSS84,smt
88.325,-83.775,90.0,bottom,R1,,,R_0805_2012Metric_Pad1.20x1.40mm_HandSolder,10K,smt
87.9,-73.775,-90.0,bottom,R2,,,R_0805_2012Metric_Pad1.20x1.40mm_HandSolder,2.2k,smt
90.725,-73.8,90.0,bottom,R3,,,R_0805_2012Metric_Pad1.20x1.40mm_HandSolder,10K,smt
94.325,-84.75,180.0,bottom,R4,,,R_0805_2012Metric_Pad1.20x1.40mm_HandSolder,3.3k,smt
97.2,-73.775,90.0,bottom,R5,,,R_0805_2012Metric_Pad1.20x1.40mm_HandSolder,10K,smt
89.05,-67.925,180.0,bottom,R6,,,R_0805_2012Metric_Pad1.20x1.40mm_HandSolder,10K,smt
83.35,-58.65,-90.0,bottom,R7,,,R_0805_2012Metric_Pad1.20x1.40mm_HandSolder,10K,smt
101.85,-56.325,180.0,top,R8,,,R_0805_2012Metric_Pad1.20x1.40mm_HandSolder,10K,smt
77.55,-56.025,-90.0,bottom,R9,,,R_0805_2012Metric_Pad1.20x1.40mm_HandSolder,1K,smt
82.225,-66.925,90.0,bottom,SW1,,,SW_SPST_CK_RS282G05A3,SW_Push,smt
76.65,-66.775,90.0,bottom,SW2,,,SW_SPST_CK_RS282G05A3,SW_Push,smt
89.9,-89.15,180.0,top,U1,,,Buck-Boost-Converter-Board-3.3V,~,smt
88.45,-59.325,0.0,top,U3,,,ESP32-C3-WROOM-02,ESP32-C3-WROOM-02,smt
