﻿Designator,Quantity,Value,Footprint,Package,MPN,DNP,Mount_Type,Description
C1,1,10uF,C_0805_2012Metric_Pad1.18x1.45mm_HandSolder,,,,smt,
C2,1,100uF,CP_EIA-3528-12_Kemet-T_Pad1.50x2.35mm_HandSolder,,,,smt,
C3,1,1uF,C_0805_2012Metric_Pad1.18x1.45mm_HandSolder,,,,smt,
"C4, C5",2,0.1uF,C_0805_2012Metric_Pad1.18x1.45mm_HandSolder,,,,smt,
D1,1,D_Zener_Small,D_0805_2012Metric_Pad1.15x1.40mm_HandSolder,,,,smt,
J1,1,Screw_Terminal_01x04,"TerminalBlock_Phoenix_MPT-0,5-4-2.54_1x04_P2.54mm_Horizontal",,,,tht,
"J2, J7",2,Conn_01x04,PinHeader_1x04_P2.54mm_Vertical,,,,tht,
J3,1,USB_OTG,USB_Micro-B_Molex-105017-0001,,,,smt,USB mini/micro connector
J4,1,AudioJack4,Jack_3.5mm_KoreanHropartsElec_PJ-320D-4A_Horizontal,,,,smt,"Audio Jack, 4 Poles (TRRS)"
Q1,1,MMBT3904,SOT-23,,,,smt,
Q2,1,BSS84,SOT-23,,,,smt,
"R1, R3, R5, R6, R7, R8",6,10K,R_0805_2012Metric_Pad1.20x1.40mm_HandSolder,,,,smt,
R2,1,2.2k,R_0805_2012Metric_Pad1.20x1.40mm_HandSolder,,,,smt,
R4,1,3.3k,R_0805_2012Metric_Pad1.20x1.40mm_HandSolder,,,,smt,
R9,1,1K,R_0805_2012Metric_Pad1.20x1.40mm_HandSolder,,,,smt,
"SW1, SW2",2,SW_Push,SW_SPST_CK_RS282G05A3,,,,smt,"Push button switch, generic, two pins"
U1,1,~,Buck-Boost-Converter-Board-3.3V,,,,smt,https://www.aliexpress.com/item/1005001345418224.html?spm=a2g0o.order_list.order_list_main.23.433e18028rvluK
U3,1,ESP32-C3-WROOM-02,ESP32-C3-WROOM-02,,,,smt,"802.11 b/g/n Wi­Fi and Bluetooth 5 module, ESP32­C3 SoC, RISC­V microprocessor, On-board antenna"
